Title,URL handle,Description,Vendor,Product category,Type,Tags,Published on online store,Status,SKU,Variant Barcodes,Option1 name,Option1 value,Option1 Linked To,Option2 name,Option2 value,Option2 Linked To,Option3 name,Option3 value,Option3 Linked To,Price,Compare-at price,Cost per item,Charge tax,Tax code,Unit price total measure,Unit price total measure unit,Unit price base measure,Unit price base measure unit,Inventory tracker,Inventory quantity,Continue selling when out of stock,Weight value (grams),Weight unit for display,Requires shipping,Fulfillment service,Product image URL,Image position,Image alt text,Variant image URL,Gift card,SEO title,SEO description,Color (product.metafields.shopify.color-pattern),Google Shopping / Google product category,Google Shopping / Gender,Google Shopping / Age group,Google Shopping / Manufacturer part number (MPN),Google Shopping / Ad group name,Google Shopping / Ads labels,Google Shopping / Condition,Google Shopping / Custom product,Google Shopping / Custom label 0,Google Shopping / Custom label 1,Google Shopping / Custom label 2,Google Shopping / Custom label 3,Google Shopping / Custom label 4,Packed product length,Packed product width,Packed product height,Packed product dimension unit
A Light in the Attic,a-light-in-the-attic,"<p>A poetry collection with drawings by Shel Silverstein, celebrating its 20th anniversary in this special edition. The book offers humorous and creative verse that delights readers of all ages.</p>",Books to Scrape,Media > Books > Print Books,Poetry,"poetry, shel silverstein, illustrated, 20th anniversary",TRUE,active,a897fe39b1053632,,Title,Default Title,,,,,,,,51.77,,,TRUE,,,,,,shopify,22,,,g,TRUE,manual,https://books.toscrape.com/media/cache/fe/72/fe72f0532301ec28892ae79a629a293c.jpg,1,Cover of A Light in the Attic,,FALSE,A Light in the Attic – Shel Silverstein Poetry Collection,"Poetry collection with drawings by Shel Silverstein, celebrating 20 years with this special edition. Humorous verse for all ages.",,,,,,,,,,,,,,,,,,
Tipping the Velvet,tipping-the-velvet,"<p>Historical fiction following Nan King, an oyster girl, who becomes captivated by Kitty Butler, a male impersonator in Canterbury’s music halls. Nan meets her heroine and steps into a world of performance and desire.</p>",Books to Scrape,Media > Books > Print Books,Historical Fiction,"historical fiction, nan king, kitty butler, music hall",TRUE,active,90fa61229261140a,,Title,Default Title,,,,,,,,53.74,,,TRUE,,,,,,shopify,20,,,g,TRUE,manual,https://books.toscrape.com/media/cache/08/e9/08e94f3731d7d6b760dfbfbc02ca5c62.jpg,1,Cover of Tipping the Velvet,,FALSE,Tipping the Velvet – Historical Fiction Novel,"Historical fiction following Nan King, an oyster girl, who becomes captivated by Kitty Butler, a male impersonator in Canterbury’s music halls.",,,,,,,,,,,,,,,,,,
Soumission,soumission,"<p>Fiction set in a near‑future France where a university professor expects a quiet academic life, but political forces cause the system to collapse without a major revolution.</p>",Books to Scrape,Media > Books > Print Books,Fiction,"fiction, french, political collapse, academic",TRUE,active,6957f44c3847a760,,Title,Default Title,,,,,,,,50.10,,,TRUE,,,,,,shopify,20,,,g,TRUE,manual,https://books.toscrape.com/media/cache/ee/cf/eecfe998905e455df12064dba399c075.jpg,1,Cover of Soumission,,FALSE,Soumission – French Fiction about Academic Collapse,Fiction set in a near‑future France where a university professor’s quiet academic life ends as political forces cause the system to collapse.,,,,,,,,,,,,,,,,,,
Sharp Objects,sharp-objects,"<p>Mystery novel featuring reporter Camille Preaker, who returns to her hometown to investigate the murders of two preteen girls, confronting her own troubled past in the process.</p>",Books to Scrape,Media > Books > Print Books,Mystery,"mystery, camille preaker, juvenile murders, psychological",TRUE,active,e00eb4fd7b871a48,,Title,Default Title,,,,,,,,47.82,,,TRUE,,,,,,shopify,20,,,g,TRUE,manual,https://books.toscrape.com/media/cache/c0/59/c05972805aa7201171b8fc71a5b00292.jpg,1,Cover of Sharp Objects,,FALSE,Sharp Objects – Mystery Novel about Murders,"Mystery novel featuring reporter Camille Preaker, who returns to her hometown to investigate the murders of two preteen girls.",,,,,,,,,,,,,,,,,,
Sapiens: A Brief History of Humankind,sapiens-a-brief-history-of-humankind,"<p>History book exploring how biology and history have shaped humanity, noting that 100,000 years ago multiple human species existed, and today only one remains.</p>",Books to Scrape,Media > Books > Print Books,History,"history, human evolution, bestseller, anthropology",TRUE,active,4165285e1663650f,,Title,Default Title,,,,,,,,54.23,,,TRUE,,,,,,shopify,20,,,g,TRUE,manual,https://books.toscrape.com/media/cache/ce/5f/ce5f052c65cc963cf4422be096e915c9.jpg,1,Cover of Sapiens: A Brief History of Humankind,,FALSE,Sapiens: A Brief History of Humankind – History Book,"History book exploring how biology and history have shaped humanity, noting multiple human species existed 100,000 years ago.",,,,,,,,,,,,,,,,,,
The Requiem Red,the-requiem-red,"<p>Set in Soothing Hills Asylum, this young adult novel follows Patient Twenty-nine, a resident with a unique perception of music and art. She navigates a mysterious threat involving three missing girls while finding connection with a new orderly named Mason.</p>",Books to Scrape,Media > Books > Print Books,Young Adult,"young adult, asylum, mystery, fiction",TRUE,active,f77dbf2323deb740,,Title,Default Title,,,,,,,,22.65,,,TRUE,,,,,,shopify,19,,,g,TRUE,manual,https://books.toscrape.com/media/cache/6b/07/6b07b77236b7c80f42bd90bf325e69f6.jpg,1,Cover of The Requiem Red,,FALSE,The Requiem Red: Young Adult Novel,"A young adult novel about Patient Twenty-nine in an asylum, exploring perception, music, and a mysterious threat.",,,,,,,,,,,,,,,,,,
The Dirty Little Secrets of Getting Your Dream Job,the-dirty-little-secrets-of-getting-your-dream-job,"<p>Don Raskin shares insights from his experience evaluating applicants for his marketing agency. The book includes real-life stories, sample cover letters, resumes, and straightforward advice for navigating the job market.</p>",Books to Scrape,Media > Books > Print Books,Business,"business, career, job search, resume, interviewing",TRUE,active,2597b5a345f45e1b,,Title,Default Title,,,,,,,,33.34,,,TRUE,,,,,,shopify,19,,,g,TRUE,manual,https://books.toscrape.com/media/cache/e1/1b/e11bea016d0ae1d7e2dd46fb3cb870b7.jpg,1,Cover of The Dirty Little Secrets of Getting Your Dream Job,,FALSE,Dirty Little Secrets of Getting Your Dream Job,"Practical career advice, sample resumes, and cover letters to help you navigate the job market and secure your dream job.",,,,,,,,,,,,,,,,,,
"The Coming Woman: A Novel Based on the Life of the Infamous Feminist, Victoria Woodhull",the-coming-woman-a-novel-based-on-the-life-of-the-infamous-feminist-victoria-woo,"<p>This novel explores the life of Victoria Woodhull, a prominent feminist and political figure in 1872. It depicts her efforts to challenge the political norms of her era.</p>",Books to Scrape,Media > Books > Print Books,Default,"historical fiction, feminism, victoria woodhull, novel, default",TRUE,active,e72a5dfc7e9267b2,,Title,Default Title,,,,,,,,17.93,,,TRUE,,,,,,shopify,19,,,g,TRUE,manual,https://books.toscrape.com/media/cache/97/36/9736132a43b8e6e3989932218ef309ed.jpg,1,"Cover of The Coming Woman: A Novel Based on the Life of the Infamous Feminist, Victoria Woodhull",,FALSE,The Coming Woman: Victoria Woodhull Novel,"A novel based on the life of Victoria Woodhull, the infamous feminist who challenged politics in 1872.",,,,,,,,,,,,,,,,,,
The Boys in the Boat: Nine Americans and Their Epic Quest for Gold at the 1936 Berlin Olympics,the-boys-in-the-boat-nine-americans-and-their-epic-quest-for-gold-at-the-1936-be,"<p>Daniel James Brown tells the story of the University of Washington’s 1936 eight-oar crew. The book details their quest for an Olympic gold medal at the Berlin Olympics, a team that transformed the sport of rowing.</p>",Books to Scrape,Media > Books > Print Books,Default,"history, sports, rowing, olympics, biography, default",TRUE,active,e10e1e165dc8be4a,,Title,Default Title,,,,,,,,22.60,,,TRUE,,,,,,shopify,19,,,g,TRUE,manual,https://books.toscrape.com/media/cache/d1/2d/d12d26739b5369a6b5b3024e4d08f907.jpg,1,Cover of The Boys in the Boat: Nine Americans and Their Epic Quest for Gold at the 1936 Berlin Olympics,,FALSE,The Boys in the Boat: 1936 Olympic Rowing,The dramatic story of the University of Washington rowing team and their quest for gold at the 1936 Berlin Olympics.,,,,,,,,,,,,,,,,,,
The Black Maria,the-black-maria,"<p>A poetry collection by Aracelis Girmay. The work explores themes of loss, connection, and storytelling with inventive and tender language.</p>",Books to Scrape,Media > Books > Print Books,Poetry,"poetry, aracelis girmay, literature",TRUE,active,1dfe412b8ac00530,,Title,Default Title,,,,,,,,52.15,,,TRUE,,,,,,shopify,19,,,g,TRUE,manual,https://books.toscrape.com/media/cache/d1/7a/d17a3e313e52e1be5651719e4fba1d16.jpg,1,Cover of The Black Maria,,FALSE,The Black Maria: Poetry by Aracelis Girmay,"A poetry collection by Aracelis Girmay exploring loss, connection, and storytelling with inventive language.",,,,,,,,,,,,,,,,,,
"Starving Hearts (Triangular Trade Trilogy, #1)",starving-hearts-triangular-trade-trilogy-1,"<p>Miss Annette Chetwynd struggles with nightmares and the prospect of an arranged marriage following an assault. She yearns to find her anonymous rescuer, but her health and intellect create obstacles in her social life.</p><p>Her doubts about God's existence are challenged when he answers her prayers in an unusual way, involving Mr. Peter Adsley, a man joining the clergy.</p>",Books to Scrape,Media > Books > Print Books,Default,"romance, historical fiction, triangular trade trilogy, gothic, default",TRUE,active,0312262ecafa5a40,,Title,Default Title,,,,,,,,13.99,,,TRUE,,,,,,shopify,19,,,g,TRUE,manual,https://books.toscrape.com/media/cache/a0/7e/a07ed8f1c23f7b4baf7102722680bd30.jpg,1,"Cover of Starving Hearts (Triangular Trade Trilogy, #1)",,FALSE,"Starving Hearts (Triangular Trade Trilogy, #1)","Read Starving Hearts, the first book in the Triangular Trade Trilogy, featuring Miss Annette Chetwynd and her search for an anonymous rescuer.",,,,,,,,,,,,,,,,,,
Shakespeare's Sonnets,shakespeare-s-sonnets,"<p>This book presents a complete collection of the Sonnets by William Shakespeare. While many readers are familiar with his plays, this volume highlights the magnificent sonnets written during the same period.</p><p>An excellent resource for those interested in the poetry of William Shakespeare.</p>",Books to Scrape,Media > Books > Print Books,Poetry,"poetry, shakespeare, sonnets, classic literature",TRUE,active,30a7f60cd76ca58c,,Title,Default Title,,,,,,,,20.66,,,TRUE,,,,,,shopify,19,,,g,TRUE,manual,https://books.toscrape.com/media/cache/4d/7a/4d7a79a8be80a529b277ed5c4d8ba482.jpg,1,Cover of Shakespeare's Sonnets,,FALSE,Shakespeare's Sonnets: Complete Collection,"A complete collection of William Shakespeare's Sonnets, offering insight into his poetry alongside his famous plays.",,,,,,,,,,,,,,,,,,
Set Me Free,set-me-free,"<p>Aaron Ledbetter's future has been planned since birth, but his annual family vacation on Tybee Island offers a brief escape from expectations.</p><p>When he meets Jonas “Lucky” Luckett, a caricature artist with a traveling carnival, Aaron must choose between his mapped-out life and a new path.</p>",Books to Scrape,Media > Books > Print Books,Young Adult,"young adult, fiction, coming of age, romance",TRUE,active,ce6396b0f23f6ecc,,Title,Default Title,,,,,,,,17.46,,,TRUE,,,,,,shopify,19,,,g,TRUE,manual,https://books.toscrape.com/media/cache/b8/e9/b8e91bd2fc74c3954118999238abb4b8.jpg,1,Cover of Set Me Free,,FALSE,Set Me Free: Young Adult Novel,Aaron Ledbetter faces a choice between his planned future and a new life after meeting Jonas Luckett on Tybee Island in this young adult novel.,,,,,,,,,,,,,,,,,,
Scott Pilgrim's Precious Little Life (Scott Pilgrim #1),scott-pilgrim-s-precious-little-life-scott-pilgrim-1,"<p>Scott Pilgrim, a 23-year-old in a rock band, enjoys a seemingly perfect life until he meets Ramona Flowers, a rollerblading delivery girl.</p><p>As Ramona enters his dreams and social circles, Scott's awesome life faces unexpected challenges in this first installment of the Scott Pilgrim series.</p>",Books to Scrape,Media > Books > Print Books,Sequential Art,"graphic novel, sequential art, comics, scott pilgrim",TRUE,active,3b1c02bac2a429e6,,Title,Default Title,,,,,,,,52.29,,,TRUE,,,,,,shopify,19,,,g,TRUE,manual,https://books.toscrape.com/media/cache/97/27/97275841c81e66d53bf9313cba06f23e.jpg,1,Cover of Scott Pilgrim's Precious Little Life (Scott Pilgrim #1),,FALSE,Scott Pilgrim's Precious Little Life #1,"Scott Pilgrim's life changes when he meets Ramona Flowers in this graphic novel, the first in the Scott Pilgrim series.",,,,,,,,,,,,,,,,,,
Rip It Up and Start Again,rip-it-up-and-start-again,"<p>By the summer of 1977, the punk movement had become a parody of itself. This book celebrates what happened next, focusing on post-punk bands like PiL, Joy Division, Talking Heads, The Fall, and The Human League.</p><p>These groups dedicated themselves to fulfilling punk's unfinished musical revolution as fervent modernists.</p>",Books to Scrape,Media > Books > Print Books,Music,"music, post-punk, rock history, 1970s music",TRUE,active,a34ba96d4081e6a4,,Title,Default Title,,,,,,,,35.02,,,TRUE,,,,,,shopify,19,,,g,TRUE,manual,https://books.toscrape.com/media/cache/81/7f/817f5089c0e6e62738dce2931e7323d3.jpg,1,Cover of Rip It Up and Start Again,,FALSE,Rip It Up and Start Again: Post-Punk History,Explore the post-punk era with bands like Joy Division and Talking Heads in this history of the movement that followed punk rock.,,,,,,,,,,,,,,,,,,
"Our Band Could Be Your Life: Scenes from the American Indie Underground, 1981-1991",our-band-could-be-your-life-scenes-from-the-american-indie-underground-1981-1991,"<p>This book details the musical revolution of the American indie underground during the Reagan era. It explores how a network of bands, labels, and fanzines reenergized rock with a do-it-yourself ethos.</p><p>The narrative highlights music that was deeply personal, often brilliant, and always challenging, capturing a subversive movement that operated right under the nose of mainstream culture.</p>",Books to Scrape,Media > Books > Print Books,Music,"indie rock, music history, 1980s, diy culture, american music, music",TRUE,active,deda3e61b9514b83,,Title,Default Title,,,,,,,,57.25,,,TRUE,,,,,,shopify,19,,,g,TRUE,manual,https://books.toscrape.com/media/cache/ad/96/ad96e9c9f1664cbcb0e9627b007fb6f9.jpg,1,"Cover of Our Band Could Be Your Life: Scenes from the American Indie Underground, 1981-1991",,FALSE,Our Band Could Be Your Life: American Indie Underground,"Explore the story of the American indie underground from 1981 to 1991, featuring bands, labels, and the DIY ethos that redefined rock music.",,,,,,,,,,,,,,,,,,
Olio,olio,"<p>Tyehimba Jess's second book weaves sonnet, song, and narrative to examine the lives of unrecorded African American performers. The work spans the period from before the Civil War up to World War I.</p><p>Part fact and part fiction, the collection explores how these individuals resisted and complicated attempts to minstrelize them, offering a nuanced look at their history.</p>",Books to Scrape,Media > Books > Print Books,Poetry,"poetry, african american history, narrative, civil war era, tyehimba jess",TRUE,active,feb7cc7701ecf901,,Title,Default Title,,,,,,,,23.88,,,TRUE,,,,,,shopify,19,,,g,TRUE,manual,https://books.toscrape.com/media/cache/b1/0e/b10eabab1e1c811a6d47969904fd5755.jpg,1,Cover of Olio,,FALSE,Olio by Tyehimba Jess: Poetry and Narrative,Tyehimba Jess's Olio blends poetry and narrative to explore the lives of African American performers from the Civil War era to World War I.,,,,,,,,,,,,,,,,,,
Mesaerion: The Best Science Fiction Stories 1800-1849,mesaerion-the-best-science-fiction-stories-1800-1849,"<p>Andrew Barger presents a collection of groundbreaking science fiction short stories from the early 19th century, sourced from forgotten journals and magazines. The anthology includes possibly the first science fiction story by a female author.</p><p>This compilation features early examples of the genre, including the first steampunk short story, offering a look at the roots of English-language science fiction.</p>",Books to Scrape,Media > Books > Print Books,Science Fiction,"science fiction, anthology, 19th century, steampunk, short stories",TRUE,active,e30f54cea9b38190,,Title,Default Title,,,,,,,,37.59,,,TRUE,,,,,,shopify,19,,,g,TRUE,manual,https://books.toscrape.com/media/cache/e8/1f/e81f850db9b9622c65619c9f15748de7.jpg,1,Cover of Mesaerion: The Best Science Fiction Stories 1800-1849,,FALSE,Mesaerion: Best Science Fiction Stories 1800-1849,"A collection of early 19th-century science fiction short stories by Andrew Barger, featuring pioneering works and the first steampunk story.",,,,,,,,,,,,,,,,,,
Libertarianism for Beginners,libertarianism-for-beginners,"<p>This book introduces libertarianism as a political philosophy rather than a strategy for winning elections. It describes how free people ought to treat one another under the law.</p><p>The text argues that the law should intrude into people's lives as little as possible, reflecting the libertarian view of government and individual liberty.</p>",Books to Scrape,Media > Books > Print Books,Politics,"politics, libertarianism, political philosophy, individual liberty, beginners guide",TRUE,active,a18a4f574854aced,,Title,Default Title,,,,,,,,51.33,,,TRUE,,,,,,shopify,19,,,g,TRUE,manual,https://books.toscrape.com/media/cache/91/a4/91a46253e165d144ef5938f2d456b88f.jpg,1,Cover of Libertarianism for Beginners,,FALSE,Libertarianism for Beginners: Political Philosophy,"An introduction to libertarianism as a political philosophy, exploring views on law, individual liberty, and minimal government intrusion.",,,,,,,,,,,,,,,,,,
It's Only the Himalayas,it-s-only-the-himalayas,"<p>S. Bedford recounts a yearlong adventure backpacking from South Africa to Singapore. The journey includes swimming with great white sharks, running from lions, and climbing a Himalayan mountain without training.</p><p>This travel narrative captures the risks and experiences of a solo traveler navigating diverse landscapes and wildlife across multiple continents.</p>",Books to Scrape,Media > Books > Print Books,Travel,"travel, adventure, backpacking, himalayas, south africa",TRUE,active,a22124811bfa8350,,Title,Default Title,,,,,,,,45.17,,,TRUE,,,,,,shopify,19,,,g,TRUE,manual,https://books.toscrape.com/media/cache/6d/41/6d418a73cc7d4ecfd75ca11d854041db.jpg,1,Cover of It's Only the Himalayas,,FALSE,It's Only the Himalayas: Travel Adventure,"S. Bedford's travelogue details a yearlong backpacking journey from South Africa to Singapore, featuring encounters with wildlife and mountain climbing.",,,,,,,,,,,,,,,,,,
In Her Wake,in-her-wake,"<p>A perfect life ... until she discovered it wasn't her own. A tragic family event reveals devastating news that shatters Bella's comfortable existence.</p><p>She journeys to the rugged Cornish coast, uncovering hidden truths, past betrayals, and a 25‑year‑old mystery.</p>",Books to Scrape,Media > Books > Print Books,Thriller,"thriller, mystery, cornish, family, secrets",TRUE,active,23356462d1320d61,,Title,Default Title,,,,,,,,12.84,,,TRUE,,,,,,shopify,19,,,g,TRUE,manual,https://books.toscrape.com/media/cache/27/92/2792ef951651ff1eae40a410cac41e0f.jpg,1,Cover of In Her Wake,,FALSE,In Her Wake – Thriller Mystery Novel,"A thriller where a woman's perfect life unravels after a family tragedy, leading her to uncover dark secrets on the Cornish coast.",,,,,,,,,,,,,,,,,,
How Music Works,how-music-works,"<p>How Music Works is David Byrne's celebration of music, exploring how it's shaped by time and place.</p><p>He examines recording technology's impact on how we play, perform, and listen to music.</p>",Books to Scrape,Media > Books > Print Books,Music,"music, david byrne, recording, history, guide",TRUE,active,327f68a59745c102,,Title,Default Title,,,,,,,,37.32,,,TRUE,,,,,,shopify,19,,,g,TRUE,manual,https://books.toscrape.com/media/cache/1d/40/1d4087ff0a63f09fae9cd8433d21c2c4.jpg,1,Cover of How Music Works,,FALSE,How Music Works by David Byrne – Music Guide,"David Byrne explores how music is shaped by its era and place, and how recording technology changed our relationship with music.",,,,,,,,,,,,,,,,,,
"Foolproof Preserving: A Guide to Small Batch Jams, Jellies, Pickles, Condiments, and More",foolproof-preserving-a-guide-to-small-batch-jams-jellies-pickles-condiments-and,"<p>Canning perfected the America’s Test Kitchen way. This guide brings the art of preserving back from grandmother’s kitchen to a new generation.</p><p>It offers over 100 foolproof recipes for jams, jellies, pickles, condiments, and more, suitable for beginners and experts.</p>",Books to Scrape,Media > Books > Print Books,Food and Drink,"preserving, canning, recipes, food, guide, food and drink",TRUE,active,5674a18a29a43ced,,Title,Default Title,,,,,,,,30.52,,,TRUE,,,,,,shopify,19,,,g,TRUE,manual,https://books.toscrape.com/media/cache/9f/58/9f58d3ff6d58589eaf325b1a33c303a0.jpg,1,"Cover of Foolproof Preserving: A Guide to Small Batch Jams, Jellies, Pickles, Condiments, and More",,FALSE,Foolproof Preserving – Home Canning Guide,"A comprehensive home preserving guide with over 100 foolproof recipes for jams, jellies, pickles, and condiments, perfect for all skill levels.",,,,,,,,,,,,,,,,,,
Chase Me (Paris Nights #2),chase-me-paris-nights-2,"<p>A Michelin two‑star chef, Violette Lenoir, faces a cocky burglar at her restaurant.</p><p>Elite counterterrorist operative Chase ""Smith"" is captured at knifepoint by a leather‑clad blonde. Their clash of worlds leads to danger and attraction.</p>",Books to Scrape,Media > Books > Print Books,Romance,"romance, paris nights, chef, operative, thriller",TRUE,active,c2e46a2ee3b4a322,,Title,Default Title,,,,,,,,25.27,,,TRUE,,,,,,shopify,19,,,g,TRUE,manual,https://books.toscrape.com/media/cache/6c/84/6c84fcf7a53b02b6e763de7272934842.jpg,1,Cover of Chase Me (Paris Nights #2),,FALSE,Chase Me – Paris Nights #2 Romance,A chef and a counterterrorist operative collide when a burglar and a hostage situation bring them together in this romance.,,,,,,,,,,,,,,,,,,
Black Dust,black-dust,"<p>Broadway musician Tobias Spence is haunted by a tragic car crash that killed a friend and injured his former boyfriend, Emmett.</p><p>After Tobias's death, Emmett, now a revered choral director in Indiana, must confront the lingering grief.</p>",Books to Scrape,Media > Books > Print Books,Romance,"broadway, romance, grief, music, indiana",TRUE,active,00bfed9e18bb36f3,,Title,Default Title,,,,,,,,34.53,,,TRUE,,,,,,shopify,19,,,g,TRUE,manual,https://books.toscrape.com/media/cache/a4/0a/a40af95beab828af1a4757ad1ee17da3.jpg,1,Cover of Black Dust,,FALSE,Black Dust – Broadway Romance,A Broadway musician's past trauma and a choral director's grief intertwine in this emotional romance set in Indiana.,,,,,,,,,,,,,,,,,,
Birdsong: A Story in Pictures,birdsong-a-story-in-pictures,"<p>Bring the story of one red bird to life in this wordless tale by James Sturm. When an innocent bird meets two cruel kids, their world is forever changed.</p><p>In the tradition of Kamishibai, Japanese paper theater, the elegant images leave space for children to inhabit this timeless story.</p>",Books to Scrape,Media > Books > Print Books,Childrens,"childrens, wordless, james sturm, kamishibai, picture book",TRUE,active,9528d0948525bf5f,,Title,Default Title,,,,,,,,54.64,,,TRUE,,,,,,shopify,19,,,g,TRUE,manual,https://books.toscrape.com/media/cache/af/2f/af2fe2419ea136f2cd567aa92082c3ae.jpg,1,Cover of Birdsong: A Story in Pictures,,FALSE,Birdsong: A Story in Pictures,"A wordless children's book by James Sturm featuring a red bird and two kids, inspired by Japanese paper theater.",,,,,,,,,,,,,,,,,,
America's Cradle of Quarterbacks: Western Pennsylvania's Football Factory from Johnny Unitas to Joe Montana,america-s-cradle-of-quarterbacks-western-pennsylvania-s-football-factory-from-jo,"<p>Explore the history of Western Pennsylvania as a hub for professional football quarterbacks. The book covers the region's legacy from Johnny Unitas to Joe Montana.</p><p>It includes stories, statistics, and information on the many great quarterbacks who came out of the area.</p>",Books to Scrape,Media > Books > Print Books,Default,"football, quarterbacks, western pennsylvania, sports history, johnny unitas, default",TRUE,active,c7d160c2c0de586f,,Title,Default Title,,,,,,,,22.50,,,TRUE,,,,,,shopify,19,,,g,TRUE,manual,https://books.toscrape.com/media/cache/a3/2a/a32ab3b8c024c6c2b274a86b185e7585.jpg,1,Cover of America's Cradle of Quarterbacks: Western Pennsylvania's Football Factory from Johnny Unitas to Joe Montana,,FALSE,America's Cradle of Quarterbacks,"A history of Western Pennsylvania's football quarterbacks, featuring stories and stats from Johnny Unitas to Joe Montana.",,,,,,,,,,,,,,,,,,
Aladdin and His Wonderful Lamp,aladdin-and-his-wonderful-lamp,"<p>Read the classic story of Aladdin in this edition by Harpendore. Aladdin is a poor boy living with his mother in the ancient kingdom of Cathay.</p><p>When a strange man appears offering untold riches, Aladdin is tempted to join him on an incredible journey.</p>",Books to Scrape,Media > Books > Print Books,Default,"classic, aladdin, fantasy, harpendore, story, default",TRUE,active,904208d6aa64b655,,Title,Default Title,,,,,,,,53.13,,,TRUE,,,,,,shopify,19,,,g,TRUE,manual,https://books.toscrape.com/media/cache/a8/3c/a83c460fab82f35a37c0846729485547.jpg,1,Cover of Aladdin and His Wonderful Lamp,,FALSE,Aladdin and His Wonderful Lamp,"The classic tale of Aladdin, a poor boy in Cathay who encounters a strange man offering untold riches.",,,,,,,,,,,,,,,,,,
Worlds Elsewhere: Journeys Around Shakespeare’s Globe,worlds-elsewhere-journeys-around-shakespeare-s-globe,"<p>Discover Shakespeare as you have never seen him before, from anti-apartheid activists to Bollywood screenwriters. This nonfiction book explores how his plays appear in unexpected places and times.</p><p>Journeys range from the sixteenth-century Baltic to colonial India and modern-day Shanghai, highlighting the global impact of Shakespeare's work.</p>",Books to Scrape,Media > Books > Print Books,Nonfiction,"shakespeare, nonfiction, literature, global history, theater",TRUE,active,4c28def39d850cdf,,Title,Default Title,,,,,,,,40.30,,,TRUE,,,,,,shopify,18,,,g,TRUE,manual,https://books.toscrape.com/media/cache/7b/d9/7bd93db091d736d0c6ff9d578e3ba3d7.jpg,1,Cover of Worlds Elsewhere: Journeys Around Shakespeare’s Globe,,FALSE,Worlds Elsewhere: Shakespeare's Globe,"Explore the global impact of Shakespeare's plays, from the Baltic to Shanghai, in this nonfiction journey around the world.",,,,,,,,,,,,,,,,,,
Wall and Piece,wall-and-piece,"<p>Explore the work of Banksy, the legendary street artist who has painted walls, streets, and bridges throughout the world. His identity remains unknown.</p><p>The book features his satirical images, including work smuggled into New York City museums and displayed at London's Tate Gallery.</p>",Books to Scrape,Media > Books > Print Books,Art,"banksy, street art, art, graffiti, contemporary",TRUE,active,ccd9ffa25efabdea,,Title,Default Title,,,,,,,,44.18,,,TRUE,,,,,,shopify,18,,,g,TRUE,manual,https://books.toscrape.com/media/cache/df/34/df346322ddfdd3b4da0e34cad17f49dc.jpg,1,Cover of Wall and Piece,,FALSE,Wall and Piece: Banksy,"A look at the work of Banksy, the anonymous street artist known for satirical images in museums and public spaces.",,,,,,,,,,,,,,,,,,
The Four Agreements: A Practical Guide to Personal Freedom,the-four-agreements-a-practical-guide-to-personal-freedom,"<p>In The Four Agreements, don Miguel Ruiz reveals the source of self-limiting beliefs that rob us of joy and create needless suffering. Based on ancient Toltec wisdom, the Four Agreements offer a powerful code of conduct that can rapidly transform our lives to a new experience of freedom, true happiness, and love.</p><p>The Four Agreements are: Be Impeccable With Your Word, Don't</p>",Books to Scrape,Media > Books > Print Books,Spirituality,"spirituality, toltec wisdom, personal freedom, self-help, personal growth",TRUE,active,6258a1f6a6dcfe50,,Title,Default Title,,,,,,,,17.66,,,TRUE,,,,,,shopify,18,,,g,TRUE,manual,https://books.toscrape.com/media/cache/2b/1b/2b1bfecae9d512cb6ee943ccf786216f.jpg,1,Cover of The Four Agreements: A Practical Guide to Personal Freedom,,FALSE,The Four Agreements: A Practical Guide to Personal Freedom,"Discover how ancient Toltec wisdom and a powerful code of conduct can transform your life into an experience of freedom, happiness, and love.",,,,,,,,,,,,,,,,,,
The Five Love Languages: How to Express Heartfelt Commitment to Your Mate,the-five-love-languages-how-to-express-heartfelt-commitment-to-your-mate,"<p>Are you and your spouse speaking the same language? While love is a many splendored thing, it is sometimes a very confusing thing, too. And as people come in all varieties, shapes, and sizes, so do their choices of personal expressions of love.</p><p>But more often than not, the giver and the receiver express love in two different ways. This can lead to misunderstanding, quarrel</p>",Books to Scrape,Media > Books > Print Books,Nonfiction,"nonfiction, relationships, love languages, marriage, communication",TRUE,active,3c039985229453bf,,Title,Default Title,,,,,,,,31.05,,,TRUE,,,,,,shopify,18,,,g,TRUE,manual,https://books.toscrape.com/media/cache/7c/10/7c10101fe1759c5a17ba57e4bef9e764.jpg,1,Cover of The Five Love Languages: How to Express Heartfelt Commitment to Your Mate,,FALSE,The Five Love Languages: How to Express Heartfelt Commitment,Learn how to express heartfelt commitment to your mate by understanding the different ways people give and receive love in relationships.,,,,,,,,,,,,,,,,,,
The Elephant Tree,the-elephant-tree,"<p>Mark Fallon is an overworked detective investigating a spate of attacks at a string of high profile city centre nightclubs. Scott is a dejected 24 year old struggling to make ends meet working for his brother and supplementing his income with a small-scale drug dealing operation.</p><p>Angela is an attractive 23 year old, raised by her father, a career criminal and small time dr</p>",Books to Scrape,Media > Books > Print Books,Thriller,"thriller, crime, detective, fiction, mystery",TRUE,active,5dada2b7be26bd03,,Title,Default Title,,,,,,,,23.82,,,TRUE,,,,,,shopify,18,,,g,TRUE,manual,https://books.toscrape.com/media/cache/4b/80/4b80a3d9148e224ed4d6cd4d33f43728.jpg,1,Cover of The Elephant Tree,,FALSE,The Elephant Tree,"A thriller following an overworked detective, a struggling young man, and a woman raised by a career criminal as their lives intersect.",,,,,,,,,,,,,,,,,,
The Bear and the Piano,the-bear-and-the-piano,"<p>One day, a young bear stumbles upon something he has never seen before in the forest. As time passes, he teaches himself how to play the strange instrument, and eventually the beautiful sounds are heard by a father and son who are picnicking in the woods.</p><p>The bear goes with them on an incredible journey to New York, where his piano playing makes him a huge star. He has fam</p>",Books to Scrape,Media > Books > Print Books,Childrens,"childrens, picture book, music, animals, fiction",TRUE,active,9f6568e9c95f60b0,,Title,Default Title,,,,,,,,36.89,,,TRUE,,,,,,shopify,18,,,g,TRUE,manual,https://books.toscrape.com/media/cache/d0/87/d0876dcd1a6530a4cb54903aad7a3e28.jpg,1,Cover of The Bear and the Piano,,FALSE,The Bear and the Piano,"A children's story about a young bear who discovers a piano, teaches himself to play, and travels to New York to become a star.",,,,,,,,,,,,,,,,,,
Sophie's World,sophie-s-world,"<p>A page-turning novel that is also an exploration of the great philosophical concepts of Western thought, Sophie’s World has fired the imagination of readers all over the world, with more than twenty million copies in print.</p><p>One day fourteen-year-old Sophie Amundsen comes home from school to find in her mailbox two notes, with one question on each: “Who are you?” and “Where</p>",Books to Scrape,Media > Books > Print Books,Philosophy,"philosophy, novel, western thought, education, fiction",TRUE,active,6be3beb0793a53e7,,Title,Default Title,,,,,,,,15.94,,,TRUE,,,,,,shopify,18,,,g,TRUE,manual,https://books.toscrape.com/media/cache/d7/39/d73914232130fdf90d66f02fd9798f2b.jpg,1,Cover of Sophie's World,,FALSE,Sophie's World,"A page-turning novel exploring the great philosophical concepts of Western thought, following fourteen-year-old Sophie Amundsen.",,,,,,,,,,,,,,,,,,
Penny Maybe,penny-maybe,"<p>Penny, sent to yet another foster family, decides that swimming Lake Ontario is the way to claim a sense of self.</p><p>Although this seems impossible, she finds the courage to ask her physics teacher to be her coach and wins the support of her new foster mother.</p>",Books to Scrape,Media > Books > Print Books,Default,"fiction, foster care, swimming, coming of age, default",TRUE,active,668fe56b17cfcd4f,,Title,Default Title,,,,,,,,33.29,,,TRUE,,,,,,shopify,18,,,g,TRUE,manual,https://books.toscrape.com/media/cache/b1/4b/b14be641ab97a330891455a769d52fd3.jpg,1,Cover of Penny Maybe,,FALSE,Penny Maybe Book,"Read Penny Maybe, a story about a foster child who finds courage and support while attempting to swim Lake Ontario.",,,,,,,,,,,,,,,,,,
Maude (1883-1993): She Grew Up with the Country,maude-1883-1993-she-grew-up-with-the-country,"<p>This new edition of Maude (1883-1993) has been updated by Mardo Williams’ daughters, adding historical details, twice as many photos, and nine appendices not present in the 1996 hardcover.</p><p>During her 110-year lifetime, Maude experienced significant changes in domestic life, from a 400-lb. wood-burning stove to a microwave oven.</p>",Books to Scrape,Media > Books > Print Books,Default,"biography, history, memoir, american history, default",TRUE,active,094b269567e1c300,,Title,Default Title,,,,,,,,18.02,,,TRUE,,,,,,shopify,18,,,g,TRUE,manual,https://books.toscrape.com/media/cache/65/bf/65bfa3acc93b0e558a1c3de1b1164742.jpg,1,Cover of Maude (1883-1993): She Grew Up with the Country,,FALSE,Maude (1883-1993): She Grew Up with the Country,"A new edition of Maude (1883-1993) featuring updated historical details, additional photos, and appendices covering a 110-year lifespan.",,,,,,,,,,,,,,,,,,
"In a Dark, Dark Wood",in-a-dark-dark-wood,"<p>Nora hasn't seen Clare for ten years, not since Nora walked out of school one day and never went back.</p><p>An invitation to Clare’s hen do arrives, offering a chance to put the past behind her, but something goes very wrong.</p>",Books to Scrape,Media > Books > Print Books,Mystery,"mystery, thriller, fiction, suspense",TRUE,active,19ed25f4641d5efd,,Title,Default Title,,,,,,,,19.63,,,TRUE,,,,,,shopify,18,,,g,TRUE,manual,https://books.toscrape.com/media/cache/95/84/95840dfd67c020067c99d70451147e20.jpg,1,"Cover of In a Dark, Dark Wood",,FALSE,"In a Dark, Dark Wood Mystery Novel","In a Dark, Dark Wood, Nora reconnects with an old friend for a hen do, but a dark secret from their past threatens to resurface.",,,,,,,,,,,,,,,,,,
Behind Closed Doors,behind-closed-doors,"<p>Everyone knows a couple like Jack and Grace: he has looks and wealth, she has charm and elegance.</p><p>Though they appear perfect, it is difficult to get to know Grace better because Jack and Grace are never apart, hiding a darker reality.</p>",Books to Scrape,Media > Books > Print Books,Thriller,"thriller, psychological, fiction, domestic suspense",TRUE,active,be5cc846f45496fb,,Title,Default Title,,,,,,,,52.22,,,TRUE,,,,,,shopify,18,,,g,TRUE,manual,https://books.toscrape.com/media/cache/a5/85/a58571db229f2e8f75ea38861eca7f39.jpg,1,Cover of Behind Closed Doors,,FALSE,Behind Closed Doors Thriller,Behind Closed Doors is a psychological thriller about a seemingly perfect couple whose marriage hides a dark and dangerous secret.,,,,,,,,,,,,,,,,,,
You Can't Bury Them All: Poems,you-can-t-bury-them-all-poems,"<p>Patrick Woodcock’s powerful new collection offers a poetry that is at once harrowing, angry, and achingly beautiful.</p><p>The poems explore hope and horror, shaped by the people, politics, and landscapes of the Kurdish north of Iraq, Fort Good Hope, and Azerbaijan.</p>",Books to Scrape,Media > Books > Print Books,Poetry,"poetry, contemporary, world literature, social commentary",TRUE,active,55f9da0c5eea2e10,,Title,Default Title,,,,,,,,33.63,,,TRUE,,,,,,shopify,17,,,g,TRUE,manual,https://books.toscrape.com/media/cache/b7/44/b7440aa88046b0bf8cba50d59295518e.jpg,1,Cover of You Can't Bury Them All: Poems,,FALSE,You Can't Bury Them All: Poems,"A collection of harrowing and beautiful poems by Patrick Woodcock, exploring hope and horror across diverse global landscapes.",,,,,,,,,,,,,,,,,,
Slow States of Collapse: Poems,slow-states-of-collapse-poems,"<p>Ashley-Elizabeth Best's debut collection explores the cultivation of resilience during uncertain times. The poems address day-to-day conflicts, including love, family, grief, power, and longing.</p><p>Best navigates the fault lines of popular culture and traditional poetry in this eagerly anticipated work.</p>",Books to Scrape,Media > Books > Print Books,Poetry,"poetry, canadian literature, debut collection, resilience, contemporary poetry",TRUE,active,b4fd5943413e089a,,Title,Default Title,,,,,,,,57.31,,,TRUE,,,,,,shopify,17,,,g,TRUE,manual,https://books.toscrape.com/media/cache/db/ac/dbac3faca8a799824f5725d66c0fcce3.jpg,1,Cover of Slow States of Collapse: Poems,,FALSE,Slow States of Collapse: Poems by Ashley-Elizabeth Best,"Read Slow States of Collapse, a debut poetry collection by Ashley-Elizabeth Best exploring resilience, love, and grief.",,,,,,,,,,,,,,,,,,
Reasons to Stay Alive,reasons-to-stay-alive,"<p>This nonfiction work reflects on the desire to live fully and the complex relationship with depression. The author discusses how facing fear and embracing life's experiences shapes identity.</p><p>It offers a personal perspective on mental health, resilience, and the value of feeling deeply.</p>",Books to Scrape,Media > Books > Print Books,Nonfiction,"nonfiction, mental health, depression, self-help, personal growth",TRUE,active,c8f7f0cb1abb9cac,,Title,Default Title,,,,,,,,26.41,,,TRUE,,,,,,shopify,17,,,g,TRUE,manual,https://books.toscrape.com/media/cache/f5/3c/f53c7d21723c860cfbca2b539bc55b8f.jpg,1,Cover of Reasons to Stay Alive,,FALSE,Reasons to Stay Alive: Nonfiction on Mental Health,"Explore Reasons to Stay Alive, a nonfiction book discussing depression, resilience, and the importance of living fully.",,,,,,,,,,,,,,,,,,
Private Paris (Private #10),private-paris-private-10,<p>Jack Morgan visits Private's Paris office expecting a relaxing trip but is quickly pressed into duty. He is asked by client Sherman Wilkerson to track down his young granddaughter who is on the run.</p><p>This installment in the Private series features Jack Morgan navigating a high-stakes situation in Paris.</p>,Books to Scrape,Media > Books > Print Books,Fiction,"fiction, mystery, thriller, private series, paris",TRUE,active,b12b89017878a60d,,Title,Default Title,,,,,,,,47.61,,,TRUE,,,,,,shopify,17,,,g,TRUE,manual,https://books.toscrape.com/media/cache/05/87/0587ab519222a61f803fa4570c325ad2.jpg,1,Cover of Private Paris (Private #10),,FALSE,Private Paris (Private #10) by Jack Morgan,"Read Private Paris, the tenth book in the Private series, featuring Jack Morgan on a mission in Paris.",,,,,,,,,,,,,,,,,,
#HigherSelfie: Wake Up Your Life. Free Your Soul. Find Your Tribe.,higherselfie-wake-up-your-life-free-your-soul-find-your-tribe,"<p>#HigherSelfie aims to unite those waking up spiritually in the digital age. It serves as a guide to love, connection, and action for young people exploring spirituality.</p><p>The book uses a no-nonsense approach with wit and humor to share age-old concepts in a modern context.</p>",Books to Scrape,Media > Books > Print Books,Nonfiction,"nonfiction, spirituality, self-help, youth, personal development",TRUE,active,c27f6e1f185b0383,,Title,Default Title,,,,,,,,23.11,,,TRUE,,,,,,shopify,17,,,g,TRUE,manual,https://books.toscrape.com/media/cache/71/45/71451e3bba61a8d888a4a2c6526a4bcf.jpg,1,Cover of #HigherSelfie: Wake Up Your Life. Free Your Soul. Find Your Tribe.,,FALSE,#HigherSelfie: Spiritual Guide for Young People,"Discover #HigherSelfie, a spiritual guide for young people focusing on love, connection, and finding your tribe.",,,,,,,,,,,,,,,,,,
Without Borders (Wanderlove #1),without-borders-wanderlove-1,"<p>Annie London spends a month in a Central American rainforest providing medical aid and teaching children. She hopes this experience will help her gain admission to a top-tier medical school.</p><p>Upon arrival, Annie realizes her preparation, including bug spray and Spanish skills, may be insufficient for the challenges ahead.</p>",Books to Scrape,Media > Books > Print Books,New Adult,"new adult, fiction, romance, medical, central america",TRUE,active,acddfeab2a407640,,Title,Default Title,,,,,,,,45.07,,,TRUE,,,,,,shopify,16,,,g,TRUE,manual,https://books.toscrape.com/media/cache/de/26/de269ee688d4dc51846567f3942600ce.jpg,1,Cover of Without Borders (Wanderlove #1),,FALSE,Without Borders (Wanderlove #1) New Adult Fiction,"Read Without Borders, the first book in the Wanderlove series, following Annie London's medical mission in Central America.",,,,,,,,,,,,,,,,,,
When We Collided,when-we-collided,"<p>Seventeen-year-old Jonah and Vivi find their lives intertwined during a transformative summer that rewrites their futures. This contemporary story explores new love, old wounds, and the strength found in shared experiences.</p>",Books to Scrape,Media > Books > Print Books,Contemporary,"contemporary, romance, young adult, teen fiction",TRUE,active,3ecb690d1542c568,,Title,Default Title,,,,,,,,31.77,,,TRUE,,,,,,shopify,16,,,g,TRUE,manual,https://books.toscrape.com/media/cache/17/db/17db3de71e8217d4277a9328b04f56cf.jpg,1,Cover of When We Collided,,FALSE,When We Collided: Contemporary Romance Novel,"Read When We Collided, a contemporary story about two teenagers whose lives change forever during a pivotal summer of love and healing.",,,,,,,,,,,,,,,,,,
"We Love You, Charlie Freeman",we-love-you-charlie-freeman,"<p>The Freeman family participates in a research experiment at the Toneybee Institute in rural Massachusetts, living with Charlie, a young chimpanzee. This narrative follows their unique bond and the challenges of the study.</p>",Books to Scrape,Media > Books > Print Books,Fiction,"fiction, family, animals, chimpanzee",TRUE,active,8d455c7539795d2a,,Title,Default Title,,,,,,,,50.27,,,TRUE,,,,,,shopify,16,,,g,TRUE,manual,https://books.toscrape.com/media/cache/87/a2/87a2fddd7f6b240c0351e1eb950b6716.jpg,1,"Cover of We Love You, Charlie Freeman",,FALSE,"We Love You, Charlie Freeman: Fiction Novel",Discover the story of the Freeman family and their bond with Charlie the chimp in this fictional account of a research experiment in Massachusetts.,,,,,,,,,,,,,,,,,,
Untitled Collection: Sabbath Poems 2014,untitled-collection-sabbath-poems-2014,"<p>Wendell Berry reflects on decades of spending sabbaths outdoors, walking familiar territory to seek deep intimacy with nature. These poems are arranged into sequences dated by the year of their composition.</p>",Books to Scrape,Media > Books > Print Books,Poetry,"poetry, nature, wendell berry, reflection",TRUE,active,657fe5ead67a7767,,Title,Default Title,,,,,,,,14.27,,,TRUE,,,,,,shopify,16,,,g,TRUE,manual,https://books.toscrape.com/media/cache/65/6e/656e79dfd4f8b6bf19ffde2c75ceda81.jpg,1,Cover of Untitled Collection: Sabbath Poems 2014,,FALSE,Sabbath Poems 2014 by Wendell Berry,Explore Wendell Berry's 2014 collection of poems inspired by his annual sabbath walks and his deep connection to the natural world.,,,,,,,,,,,,,,,,,,
"Unseen City: The Majesty of Pigeons, the Discreet Charm of Snails & Other Wonders of the Urban Wilderness",unseen-city-the-majesty-of-pigeons-the-discreet-charm-of-snails-other-wonders-of,<p>Nathanael Johnson’s quest to identify the flora and fauna of his San Francisco neighborhood reveals the secrets of the urban wilderness. This nonfiction work highlights the relationship between humans and their nonhuman neighbors.</p>,Books to Scrape,Media > Books > Print Books,Nonfiction,"nonfiction, nature, urban wildlife, san francisco",TRUE,active,d170b5a0da46380e,,Title,Default Title,,,,,,,,44.18,,,TRUE,,,,,,shopify,16,,,g,TRUE,manual,https://books.toscrape.com/media/cache/88/a4/88a4b5f7236b8a36ba972be5ebe4f252.jpg,1,"Cover of Unseen City: The Majesty of Pigeons, the Discreet Charm of Snails & Other Wonders of the Urban Wilderness",,FALSE,Unseen City: Urban Wildlife Nonfiction,"Discover the hidden wildlife of San Francisco in Unseen City, a nonfiction exploration of urban nature and the bonds between people and animals.",,,,,,,,,,,,,,,,,,
Unicorn Tracks,unicorn-tracks,"<p>After a traumatic attack, sixteen-year-old Mnemba finds refuge in her cousin’s safari business, where she excels as a guide. Surrounded by nature and mystical animals, she uses her tracking skills to cope with her past.</p>",Books to Scrape,Media > Books > Print Books,Fantasy,"fantasy, adventure, young adult, safari",TRUE,active,7ae099f3898e0209,,Title,Default Title,,,,,,,,18.78,,,TRUE,,,,,,shopify,16,,,g,TRUE,manual,https://books.toscrape.com/media/cache/9b/09/9b0935dc936c92900c2dc5d2114da72f.jpg,1,Cover of Unicorn Tracks,,FALSE,Unicorn Tracks: Fantasy Adventure Novel,"Read Unicorn Tracks, a fantasy story about a young girl who finds healing and purpose as a safari guide amidst mystical animals and personal trauma.",,,,,,,,,,,,,,,,,,
"Unbound: How Eight Technologies Made Us Human, Transformed Society, and Brought Our World to the Brink",unbound-how-eight-technologies-made-us-human-transformed-society-and-brought-our,"<p>Explore how eight key technologies, from prehistoric tools to modern innovations, have shaped human history. This book examines the gradual liberation from animal origins through the mastery of fire, clothing, and other pivotal developments.</p>",Books to Scrape,Media > Books > Print Books,History,"history, technology, human evolution, society, innovation",TRUE,active,9a9d6e9bc555731e,,Title,Default Title,,,,,,,,25.52,,,TRUE,,,,,,shopify,16,,,g,TRUE,manual,https://books.toscrape.com/media/cache/27/a1/27a1ebe79d6e6759ec68ea9f427a4f71.jpg,1,"Cover of Unbound: How Eight Technologies Made Us Human, Transformed Society, and Brought Our World to the Brink",,FALSE,Unbound: How Eight Technologies Made Us Human,"Discover how eight key technologies transformed society and defined the human experience, from prehistoric tools to modern times.",,,,,,,,,,,,,,,,,,
Tsubasa: World Chronicle 2 (Tsubasa World Chronicle #2),tsubasa-world-chronicle-2-tsubasa-world-chronicle-2,"<p>In the land of Nirai Kanai, two realms exist: the outside world and a hidden inside realm. At the request of the holy Himegami, Syaoran investigates an anomaly in the hidden realm, revealing discrepancies in perception among the characters.</p>",Books to Scrape,Media > Books > Print Books,Sequential Art,"sequential art, manga, fantasy, tsubasa, adventure",TRUE,active,09555be379ad9253,,Title,Default Title,,,,,,,,16.28,,,TRUE,,,,,,shopify,16,,,g,TRUE,manual,https://books.toscrape.com/media/cache/8b/ab/8bab133ec9f8248a8d5f5ea5c09d0f56.jpg,1,Cover of Tsubasa: World Chronicle 2 (Tsubasa World Chronicle #2),,FALSE,Tsubasa: World Chronicle 2 Manga,Syaoran investigates a hidden realm in Nirai Kanai in this second volume of the Tsubasa World Chronicle manga series.,,,,,,,,,,,,,,,,,,
Throwing Rocks at the Google Bus: How Growth Became the Enemy of Prosperity,throwing-rocks-at-the-google-bus-how-growth-became-the-enemy-of-prosperity,"<p>A critical examination of the digital economy's impact on society. The book argues that while digital technology promised endless prosperity, it has instead amplified industrial capitalism, creating new challenges for economic growth and social well-being.</p>",Books to Scrape,Media > Books > Print Books,Nonfiction,"nonfiction, economics, digital economy, technology, society",TRUE,active,7858914fad68493c,,Title,Default Title,,,,,,,,31.12,,,TRUE,,,,,,shopify,16,,,g,TRUE,manual,https://books.toscrape.com/media/cache/f4/21/f4210912ca58ef35f8ad120fe3dfed38.jpg,1,Cover of Throwing Rocks at the Google Bus: How Growth Became the Enemy of Prosperity,,FALSE,Throwing Rocks at the Google Bus,An analysis of how digital technology and the pursuit of growth have impacted prosperity and the modern digital economy.,,,,,,,,,,,,,,,,,,
This One Summer,this-one-summer,"<p>Rose and her friend Windy spend a summer at a lake house in Awago Beach. As Rose's parents struggle with conflict, the two friends seek distraction and encounter new challenges during their time together.</p>",Books to Scrape,Media > Books > Print Books,Sequential Art,"sequential art, graphic novel, coming of age, friendship, summer",TRUE,active,51653ef291ab7ddc,,Title,Default Title,,,,,,,,19.49,,,TRUE,,,,,,shopify,16,,,g,TRUE,manual,https://books.toscrape.com/media/cache/ee/43/ee4364a59d66bafb1b3264419ab3ed9e.jpg,1,Cover of This One Summer,,FALSE,This One Summer Graphic Novel,A graphic novel about two friends navigating a summer of family drama and personal discovery at a lake house.,,,,,,,,,,,,,,,,,,
Thirst,thirst,"<p>Eddie Chapman is stuck in a traffic jam on a searing summer day. When he abandons his car to run home, he discovers burnt trees and a dried-up stream, signaling that something is deeply wrong with the world around him.</p>",Books to Scrape,Media > Books > Print Books,Fiction,"fiction, mystery, thriller, dystopia, survival",TRUE,active,709822d0b5bcb7f4,,Title,Default Title,,,,,,,,17.27,,,TRUE,,,,,,shopify,16,,,g,TRUE,manual,https://books.toscrape.com/media/cache/8c/54/8c54a50576c204b80165a13545f73028.jpg,1,Cover of Thirst,,FALSE,Thirst: A Fiction Novel,A fictional story about a man who discovers a mysterious and dangerous anomaly in his environment during a heatwave.,,,,,,,,,,,,,,,,,,
The Torch Is Passed: A Harding Family Story,the-torch-is-passed-a-harding-family-story,"<p>Andrea Harding is a recent college graduate preparing to attend Duke Law School when her life is disrupted by the shooting of her father, Nicholas, and uncle, Michael.</p><p>With her uncle deceased and her father in a coma, Andrea must navigate this crisis alongside her paternal grandmother, Dorothy, as the only remaining family support.</p>",Books to Scrape,Media > Books > Print Books,Add a comment,"family drama, contemporary fiction, harding family, story, add a comment",TRUE,active,4eed62cf5f8d8edf,,Title,Default Title,,,,,,,,19.09,,,TRUE,,,,,,shopify,16,,,g,TRUE,manual,https://books.toscrape.com/media/cache/c7/26/c7260547c468dbe78af92cf3927c2a1c.jpg,1,Cover of The Torch Is Passed: A Harding Family Story,,FALSE,The Torch Is Passed: A Harding Family Story,"A recent college graduate faces a family crisis after her father and uncle are shot, leaving her to rely on her grandmother for support.",,,,,,,,,,,,,,,,,,
The Secret of Dreadwillow Carse,the-secret-of-dreadwillow-carse,"<p>A princess and a peasant girl embark on a dangerous quest to outwit a centuries-old warning that foretells the fall of the Monarchy.</p><p>Set in a modern fairytale, the story centers on Dreadwillow Carse, a desolate bog in the heart of the verdant Monarchy that its people try to ignore.</p>",Books to Scrape,Media > Books > Print Books,Childrens,"childrens, fantasy, fairytale, adventure, monarchy",TRUE,active,b5ea0b5dabed25a8,,Title,Default Title,,,,,,,,56.13,,,TRUE,,,,,,shopify,16,,,g,TRUE,manual,https://books.toscrape.com/media/cache/7b/fd/7bfde4a3d6793f13e9a2d8851a398847.jpg,1,Cover of The Secret of Dreadwillow Carse,,FALSE,The Secret of Dreadwillow Carse,A princess and a peasant girl face a dangerous quest to prevent the fall of the Monarchy in this modern fairytale set in Dreadwillow Carse.,,,,,,,,,,,,,,,,,,
"The Pioneer Woman Cooks: Dinnertime: Comfort Classics, Freezer Food, 16-Minute Meals, and Other Delicious Ways to Solve Supper!",the-pioneer-woman-cooks-dinnertime-comfort-classics-freezer-food-16-minute-meals,"<p>This cookbook focuses on dinnertime, offering recipes for comfort classics, freezer food, and quick 16-minute meals.</p><p>It provides delicious ways to solve supper, emphasizing the importance of gathering with family and friends for a nourishing evening meal.</p>",Books to Scrape,Media > Books > Print Books,Food and Drink,"cooking, dinner recipes, comfort food, quick meals, food and drink",TRUE,active,142d767a56a9254d,,Title,Default Title,,,,,,,,56.41,,,TRUE,,,,,,shopify,16,,,g,TRUE,manual,https://books.toscrape.com/media/cache/fd/af/fdaf3c3104c559941c01e840fecd2659.jpg,1,"Cover of The Pioneer Woman Cooks: Dinnertime: Comfort Classics, Freezer Food, 16-Minute Meals, and Other Delicious Ways to Solve Supper!",,FALSE,The Pioneer Woman Cooks: Dinnertime,"Discover comfort classics, freezer food, and 16-minute meals in this dinnertime cookbook designed to make supper easy and delicious.",,,,,,,,,,,,,,,,,,
The Past Never Ends,the-past-never-ends,"<p>Attorney Chester Morgan is tasked with obtaining a public record for a young man whose friend died in an unexplained accident.</p><p>However, the police file regarding the death of sex worker Tanya Everly has been sealed by the chief of police, and Morgan is warned to drop the matter.</p>",Books to Scrape,Media > Books > Print Books,Mystery,"mystery, legal thriller, investigation, fiction",TRUE,active,5ee94540d0749ea0,,Title,Default Title,,,,,,,,56.50,,,TRUE,,,,,,shopify,16,,,g,TRUE,manual,https://books.toscrape.com/media/cache/9d/f2/9df248dcefeaba9eeb519a59b248f72c.jpg,1,Cover of The Past Never Ends,,FALSE,The Past Never Ends,Attorney Chester Morgan investigates a sealed police file regarding an unexplained death in this mystery novel.,,,,,,,,,,,,,,,,,,
The Natural History of Us (The Fine Art of Pretending #2),the-natural-history-of-us-the-fine-art-of-pretending-2,"<p>Justin Carter, known as the school player at Fairfield Academy, seeks a second chance at love through a class assignment.</p><p>He aims to win back the commitment girl who once owned his heart, revealing that he is not the total player his peers believe him to be.</p>",Books to Scrape,Media > Books > Print Books,Young Adult,"young adult, romance, school, second chance, fiction",TRUE,active,cedf82b5086e4691,,Title,Default Title,,,,,,,,45.22,,,TRUE,,,,,,shopify,16,,,g,TRUE,manual,https://books.toscrape.com/media/cache/da/b8/dab87c14168f3ce18530447ec6437361.jpg,1,Cover of The Natural History of Us (The Fine Art of Pretending #2),,FALSE,The Natural History of Us,"A school player seeks a second chance at love in this young adult romance, the second book in The Fine Art of Pretending series.",,,,,,,,,,,,,,,,,,
